<?xml version='1.0' encoding='utf-8' standalone='yes' ?>
<map>
    <long name="time_active" value="5956" />
    <long name="last_upload" value="1761963955964" />
    <long name="first_open_time" value="1761963955941" />
    <string name="gmp_app_id">1:210416030535:android:f8fd6d3246fed0e3</string>
    <string name="previous_os_version">11</string>
    <string name="app_instance_id">8e750f6493ca8a1ec66011bf548a7f64</string>
    <boolean name="has_been_opened" value="true" />
    <long name="health_monitor:start" value="1762115224083" />
    <boolean name="use_service" value="true" />
    <long name="last_pause_time" value="1762115233562" />
    <boolean name="start_new_session" value="true" />
</map>
